"bestTune.alpha","bestTune.lambda","RMSE_fold","RMSE_full"
0.963636363636364,0.000275551967779405,0.0195918861291514,0.0193770058910429
