"bestTune.sigma","bestTune.C","RMSE_fold","RMSE_full"
0.00582805977053455,8,0.0189194557550036,0.0106800551348585
