"bestTune.alpha","bestTune.lambda","RMSE_fold","RMSE_full"
0.163636363636364,1.19920204365822e-05,0.026998468655766,0.0255583413678397
