"bestTune.sigma","bestTune.C","RMSE_fold","RMSE_full"
0.00588172987502286,4,0.024154881388048,0.019494951142599
