"bestTune.alpha","bestTune.lambda","RMSE_fold","RMSE_full"
0.118181818181818,5.02773180510362e-05,0.0353989231394587,0.0272561783550695
