"bestTune.sigma","bestTune.C","RMSE_fold","RMSE_full"
0.00807235873666212,2,0.0345390164933263,0.0199190073899755
