"bestTune.alpha","bestTune.lambda","RMSE_fold","RMSE_full"
0.963636363636364,1.45270783859219e-05,0.0276060503116221,0.0250526141633787
