"bestTune.sigma","bestTune.C","RMSE_fold","RMSE_full"
0.00576176916790734,2,0.0278175590281879,0.0175212086750879
